,IdProd,Nombre,Precio,Marca,Pais_fabricacion,Categoria,PuntuacionMedia,NumVentas
0,PROD1000,Sony Controller,576.68,Sony,USA,CAT3000,4.9,1253
1,PROD1001,Sony Headset,960.93,Sony,Germany,CAT3000,1.96,781
2,PROD1002,Sony VR Headset,537.87,Sony,Germany,CAT3000,4.41,6613
3,PROD1003,Sony VR Headset,942.06,Sony,Germany,CAT3000,4.89,9820
4,PROD1004,Sony Controller,688.54,Sony,USA,CAT3000,2.31,3576
5,PROD1005,Sony Console,891.47,Sony,Japan,CAT3000,2.33,5870
6,PROD1006,Sony Game,321.57,Sony,Japan,CAT3000,3.24,3688
7,PROD1007,Sony Game,66.12,Sony,Japan,CAT3000,4.27,54
8,PROD1008,Sony VR Headset,560.92,Sony,Japan,CAT3000,4.28,8379
9,PROD1009,Sony Controller,57.6,Sony,South Korea,CAT3000,1.3,2746
10,PROD1010,Sony Console,12.0,Sony,South Korea,CAT3000,3.19,5102
11,PROD1011,Sony VR Headset,153.93,Sony,India,CAT3000,2.42,7278
12,PROD1012,Sony Game,847.4,Sony,Japan,CAT3000,1.25,1461
13,PROD1013,Sony VR Headset,216.79,Sony,USA,CAT3000,3.88,9817
14,PROD1014,Microsoft Headset,100.13,Microsoft,Japan,CAT3000,1.1,1925
15,PROD1015,Microsoft VR Headset,360.67,Microsoft,Japan,CAT3000,4.32,9679
16,PROD1016,Microsoft Console,293.46,Microsoft,India,CAT3000,4.62,7004
17,PROD1017,Microsoft Controller,472.52,Microsoft,USA,CAT3000,2.94,3654
18,PROD1018,Microsoft Console,402.92,Microsoft,China,CAT3000,3.82,4471
19,PROD1019,Microsoft Controller,270.68,Microsoft,Germany,CAT3000,3.34,558
20,PROD1020,Microsoft Headset,541.92,Microsoft,Germany,CAT3000,4.02,6385
21,PROD1021,Microsoft Console,46.9,Microsoft,USA,CAT3000,1.32,7998
22,PROD1022,Nintendo VR Headset,639.87,Nintendo,Germany,CAT3000,1.52,6502
23,PROD1023,Nintendo VR Headset,550.64,Nintendo,South Korea,CAT3000,3.71,7159
24,PROD1024,Nintendo Game,351.03,Nintendo,Germany,CAT3000,1.75,7508
25,PROD1025,Nintendo Controller,898.07,Nintendo,Japan,CAT3000,3.47,2854
26,PROD1026,Nintendo Headset,15.52,Nintendo,USA,CAT3000,3.07,1578
27,PROD1027,Nintendo Game,141.53,Nintendo,China,CAT3000,2.57,5940
28,PROD1028,Nintendo Controller,156.86,Nintendo,Japan,CAT3000,3.58,3908
29,PROD1029,Nintendo Headset,81.83,Nintendo,China,CAT3000,1.5,4839
30,PROD1030,Ubisoft VR Headset,742.33,Ubisoft,South Korea,CAT3000,4.6,192
31,PROD1031,Ubisoft Controller,399.04,Ubisoft,USA,CAT3000,3.71,3924
32,PROD1032,Ubisoft VR Headset,655.96,Ubisoft,Japan,CAT3000,1.64,5310
33,PROD1033,Ubisoft Game,121.28,Ubisoft,South Korea,CAT3000,2.01,2390
34,PROD1034,Ubisoft VR Headset,795.49,Ubisoft,India,CAT3000,1.51,4369
35,PROD1035,Ubisoft Game,903.92,Ubisoft,India,CAT3000,4.54,8310
36,PROD1036,Ubisoft VR Headset,264.81,Ubisoft,Japan,CAT3000,1.37,3014
37,PROD1037,Ubisoft Game,234.31,Ubisoft,India,CAT3000,1.26,7275
38,PROD1038,Ubisoft Console,112.83,Ubisoft,Japan,CAT3000,3.32,6974
39,PROD1039,Ubisoft Controller,707.72,Ubisoft,USA,CAT3000,1.08,6490
40,PROD1040,Ubisoft VR Headset,250.53,Ubisoft,Japan,CAT3000,1.29,5584
41,PROD1041,EA Controller,345.72,EA,China,CAT3000,4.4,2350
42,PROD1042,EA Game,818.97,EA,China,CAT3000,3.75,4978
43,PROD1043,EA Controller,739.57,EA,USA,CAT3000,1.33,2650
44,PROD1044,EA Console,100.01,EA,South Korea,CAT3000,4.69,1068
45,PROD1045,EA VR Headset,638.2,EA,Japan,CAT3000,1.85,364
46,PROD1046,EA Game,422.46,EA,India,CAT3000,4.29,9545
47,PROD1047,EA VR Headset,749.06,EA,Japan,CAT3000,1.51,251
48,PROD1048,EA Console,998.62,EA,China,CAT3000,1.35,5616
49,PROD1049,Apple Smartwatch,555.85,Apple,USA,CAT3001,1.51,5647
50,PROD1050,Apple Charger,263.96,Apple,South Korea,CAT3001,4.54,2476
51,PROD1051,Apple Earbuds,979.82,Apple,Germany,CAT3001,3.9,9378
52,PROD1052,Apple Earbuds,468.85,Apple,India,CAT3001,1.64,8673
53,PROD1053,Apple Earbuds,246.86,Apple,China,CAT3001,3.65,7609
54,PROD1054,Apple Smartwatch,177.64,Apple,USA,CAT3001,4.61,9489
55,PROD1055,Apple Earbuds,957.83,Apple,Japan,CAT3001,2.38,7236
56,PROD1056,Apple Charger,479.26,Apple,South Korea,CAT3001,3.29,5026
57,PROD1057,Apple Earbuds,828.64,Apple,USA,CAT3001,3.98,6673
58,PROD1058,Apple Earbuds,962.15,Apple,Japan,CAT3001,3.53,2538
59,PROD1059,Apple Earbuds,369.39,Apple,South Korea,CAT3001,2.36,3899
60,PROD1060,Samsung Earbuds,249.45,Samsung,Germany,CAT3001,4.26,2700
61,PROD1061,Samsung Charger,326.09,Samsung,Germany,CAT3001,1.58,3980
62,PROD1062,Samsung Smartwatch,543.27,Samsung,USA,CAT3001,1.07,241
63,PROD1063,Samsung Earbuds,584.55,Samsung,China,CAT3001,2.63,2815
64,PROD1064,Samsung Smartwatch,691.72,Samsung,Germany,CAT3001,2.37,909
65,PROD1065,Samsung Charger,979.33,Samsung,South Korea,CAT3001,2.0,1112
66,PROD1066,Samsung Smartwatch,171.61,Samsung,India,CAT3001,1.31,1414
67,PROD1067,Samsung Earbuds,240.19,Samsung,India,CAT3001,1.42,706
68,PROD1068,Samsung Earbuds,810.97,Samsung,India,CAT3001,4.6,7983
69,PROD1069,Samsung Tablet,694.2,Samsung,China,CAT3001,4.35,4993
70,PROD1070,Samsung Earbuds,779.06,Samsung,South Korea,CAT3001,3.46,4896
71,PROD1071,Samsung Smartwatch,919.15,Samsung,India,CAT3001,2.51,8853
72,PROD1072,Samsung Charger,122.2,Samsung,India,CAT3001,1.17,9977
73,PROD1073,Samsung Smartphone,849.14,Samsung,South Korea,CAT3001,2.73,5157
74,PROD1074,Samsung Tablet,610.88,Samsung,USA,CAT3001,2.06,7334
75,PROD1075,Huawei Smartwatch,278.4,Huawei,China,CAT3001,2.3,8618
76,PROD1076,Huawei Smartphone,522.07,Huawei,Germany,CAT3001,4.11,2262
77,PROD1077,Huawei Smartphone,830.32,Huawei,Japan,CAT3001,2.58,8670
78,PROD1078,Huawei Smartphone,732.41,Huawei,USA,CAT3001,2.95,4581
79,PROD1079,Huawei Smartwatch,711.44,Huawei,South Korea,CAT3001,4.77,4463
80,PROD1080,Huawei Tablet,584.4,Huawei,India,CAT3001,3.02,856
81,PROD1081,Huawei Tablet,773.56,Huawei,Japan,CAT3001,3.5,4902
82,PROD1082,Huawei Tablet,42.11,Huawei,China,CAT3001,4.49,117
83,PROD1083,Huawei Tablet,841.38,Huawei,India,CAT3001,2.2,6220
84,PROD1084,Huawei Charger,230.09,Huawei,China,CAT3001,4.72,6971
85,PROD1085,Xiaomi Smartwatch,323.99,Xiaomi,India,CAT3001,1.91,6223
86,PROD1086,Xiaomi Earbuds,210.41,Xiaomi,Germany,CAT3001,1.68,9147
87,PROD1087,Xiaomi Smartphone,637.99,Xiaomi,Japan,CAT3001,3.92,8183
88,PROD1088,Xiaomi Smartphone,467.79,Xiaomi,Japan,CAT3001,4.71,8701
89,PROD1089,Xiaomi Smartphone,592.79,Xiaomi,South Korea,CAT3001,2.77,6855
90,PROD1090,Xiaomi Earbuds,516.25,Xiaomi,China,CAT3001,1.77,4831
91,PROD1091,Xiaomi Smartwatch,241.26,Xiaomi,Japan,CAT3001,3.19,6629
92,PROD1092,Xiaomi Smartwatch,815.58,Xiaomi,Germany,CAT3001,1.26,1153
93,PROD1093,Xiaomi Smartwatch,128.3,Xiaomi,China,CAT3001,3.76,8883
94,PROD1094,Xiaomi Smartphone,168.93,Xiaomi,Germany,CAT3001,4.77,7836
95,PROD1095,Xiaomi Tablet,655.03,Xiaomi,India,CAT3001,4.87,8746
96,PROD1096,Xiaomi Charger,901.42,Xiaomi,Germany,CAT3001,3.2,4102
97,PROD1097,Nokia Charger,568.31,Nokia,USA,CAT3001,1.53,9842
98,PROD1098,Nokia Charger,93.82,Nokia,USA,CAT3001,1.8,360
99,PROD1099,Nokia Smartphone,214.73,Nokia,Germany,CAT3001,4.78,789
100,PROD1100,Nokia Tablet,977.25,Nokia,China,CAT3001,2.92,9832
101,PROD1101,Nokia Smartwatch,176.7,Nokia,Japan,CAT3001,3.6,428
102,PROD1102,Nokia Earbuds,475.42,Nokia,China,CAT3001,4.31,5768
103,PROD1103,Nokia Earbuds,869.67,Nokia,Germany,CAT3001,3.25,1305
104,PROD1104,Nokia Smartwatch,566.32,Nokia,USA,CAT3001,3.66,2103
105,PROD1105,Nokia Charger,51.42,Nokia,China,CAT3001,1.09,2954
106,PROD1106,Nokia Earbuds,15.61,Nokia,Germany,CAT3001,2.56,174
107,PROD1107,Optimum Nutrition Creatine,195.01,Optimum Nutrition,South Korea,CAT3002,2.06,4077
108,PROD1108,Optimum Nutrition Pre-Workout,577.3,Optimum Nutrition,USA,CAT3002,4.67,3380
109,PROD1109,Optimum Nutrition Vitamins,885.78,Optimum Nutrition,China,CAT3002,3.37,4099
110,PROD1110,Optimum Nutrition Protein Powder,909.1,Optimum Nutrition,Japan,CAT3002,2.74,192
111,PROD1111,Optimum Nutrition Pre-Workout,372.36,Optimum Nutrition,India,CAT3002,3.38,3759
112,PROD1112,Optimum Nutrition Protein Powder,166.41,Optimum Nutrition,USA,CAT3002,1.9,4640
113,PROD1113,Optimum Nutrition Protein Powder,101.03,Optimum Nutrition,USA,CAT3002,3.45,2801
114,PROD1114,Optimum Nutrition Vitamins,569.82,Optimum Nutrition,India,CAT3002,3.51,4940
115,PROD1115,Optimum Nutrition Creatine,862.32,Optimum Nutrition,USA,CAT3002,3.68,2029
116,PROD1116,Optimum Nutrition Creatine,787.83,Optimum Nutrition,USA,CAT3002,1.22,9178
117,PROD1117,Optimum Nutrition Creatine,862.17,Optimum Nutrition,USA,CAT3002,2.39,7416
118,PROD1118,Optimum Nutrition Creatine,74.3,Optimum Nutrition,India,CAT3002,2.93,5874
119,PROD1119,Optimum Nutrition Pre-Workout,133.93,Optimum Nutrition,India,CAT3002,1.85,340
120,PROD1120,MuscleTech Protein Powder,684.97,MuscleTech,Germany,CAT3002,3.32,3565
121,PROD1121,MuscleTech BCAA,103.72,MuscleTech,Japan,CAT3002,3.44,8578
122,PROD1122,MuscleTech BCAA,229.97,MuscleTech,South Korea,CAT3002,4.47,6723
123,PROD1123,MuscleTech Vitamins,218.55,MuscleTech,Japan,CAT3002,4.02,6627
124,PROD1124,MuscleTech Pre-Workout,724.43,MuscleTech,USA,CAT3002,3.83,5622
125,PROD1125,MuscleTech Protein Powder,73.26,MuscleTech,Germany,CAT3002,2.41,5259
126,PROD1126,MuscleTech Pre-Workout,118.01,MuscleTech,China,CAT3002,2.34,6266
127,PROD1127,MuscleTech Pre-Workout,147.81,MuscleTech,China,CAT3002,2.18,2412
128,PROD1128,MuscleTech Protein Powder,219.09,MuscleTech,South Korea,CAT3002,3.21,685
129,PROD1129,MuscleTech BCAA,878.86,MuscleTech,South Korea,CAT3002,5.0,4221
130,PROD1130,Dymatize Creatine,820.04,Dymatize,India,CAT3002,1.77,2456
131,PROD1131,Dymatize Vitamins,520.87,Dymatize,USA,CAT3002,4.86,7325
132,PROD1132,Dymatize Pre-Workout,590.39,Dymatize,USA,CAT3002,4.12,2111
133,PROD1133,Dymatize Creatine,363.28,Dymatize,India,CAT3002,4.02,4651
134,PROD1134,Dymatize Protein Powder,67.56,Dymatize,India,CAT3002,4.2,5354
135,PROD1135,Dymatize Creatine,438.86,Dymatize,South Korea,CAT3002,2.72,696
136,PROD1136,Dymatize Creatine,825.28,Dymatize,South Korea,CAT3002,2.24,6832
137,PROD1137,Dymatize Creatine,655.02,Dymatize,USA,CAT3002,1.98,808
138,PROD1138,Dymatize Vitamins,797.83,Dymatize,India,CAT3002,1.64,7954
139,PROD1139,Dymatize BCAA,100.13,Dymatize,China,CAT3002,3.81,7909
140,PROD1140,Dymatize Pre-Workout,525.68,Dymatize,India,CAT3002,2.35,1965
141,PROD1141,Dymatize Pre-Workout,508.59,Dymatize,Japan,CAT3002,1.32,6027
142,PROD1142,Dymatize Pre-Workout,169.77,Dymatize,India,CAT3002,2.29,5937
143,PROD1143,Dymatize Creatine,727.96,Dymatize,Germany,CAT3002,3.66,9356
144,PROD1144,BSN Protein Powder,876.14,BSN,Japan,CAT3002,2.84,1049
145,PROD1145,BSN Creatine,65.36,BSN,Japan,CAT3002,3.57,2936
146,PROD1146,BSN Protein Powder,324.03,BSN,Japan,CAT3002,1.92,9136
147,PROD1147,BSN Pre-Workout,918.55,BSN,India,CAT3002,2.73,4918
148,PROD1148,BSN Creatine,598.54,BSN,China,CAT3002,2.56,7043
149,PROD1149,BSN Vitamins,158.94,BSN,Germany,CAT3002,1.74,9640
150,PROD1150,BSN Creatine,947.51,BSN,USA,CAT3002,1.48,5272
151,PROD1151,BSN Pre-Workout,588.05,BSN,Germany,CAT3002,2.87,2995
152,PROD1152,BSN Creatine,791.49,BSN,South Korea,CAT3002,4.28,6579
153,PROD1153,BSN Protein Powder,818.52,BSN,South Korea,CAT3002,4.03,5157
154,PROD1154,BSN Creatine,254.51,BSN,USA,CAT3002,2.31,5052
155,PROD1155,BSN Protein Powder,609.95,BSN,India,CAT3002,1.24,6747
156,PROD1156,BSN Protein Powder,38.38,BSN,Japan,CAT3002,4.99,2121
157,PROD1157,BSN BCAA,22.41,BSN,USA,CAT3002,3.43,1506
158,PROD1158,BSN Protein Powder,334.64,BSN,USA,CAT3002,3.06,5914
159,PROD1159,GNC Creatine,86.34,GNC,Japan,CAT3002,1.55,4328
160,PROD1160,GNC Pre-Workout,497.8,GNC,USA,CAT3002,4.13,8235
161,PROD1161,GNC Protein Powder,48.11,GNC,Germany,CAT3002,3.9,8724
162,PROD1162,GNC Protein Powder,952.82,GNC,India,CAT3002,4.97,1307
163,PROD1163,GNC Pre-Workout,516.27,GNC,South Korea,CAT3002,3.16,8101
164,PROD1164,GNC Creatine,260.83,GNC,Germany,CAT3002,2.44,1300
165,PROD1165,GNC BCAA,707.08,GNC,Japan,CAT3002,3.66,7376
166,PROD1166,GNC Vitamins,468.87,GNC,India,CAT3002,1.14,4137
167,PROD1167,GNC Pre-Workout,274.46,GNC,South Korea,CAT3002,1.22,3850
168,PROD1168,GNC Creatine,378.89,GNC,USA,CAT3002,2.27,6675
169,PROD1169,GNC Creatine,76.35,GNC,India,CAT3002,4.04,5488
170,PROD1170,GNC BCAA,305.37,GNC,Germany,CAT3002,2.96,5051
171,PROD1171,GNC Vitamins,905.71,GNC,Japan,CAT3002,1.48,5695
172,PROD1172,GNC BCAA,309.63,GNC,China,CAT3002,4.57,2256
173,PROD1173,Nike Pants,192.07,Nike,USA,CAT3003,4.54,7678
174,PROD1174,Nike Jacket,124.37,Nike,South Korea,CAT3003,2.15,1126
175,PROD1175,Nike Pants,309.2,Nike,China,CAT3003,2.84,3775
176,PROD1176,Nike Sweater,488.55,Nike,China,CAT3003,3.0,1923
177,PROD1177,Nike Sweater,758.88,Nike,South Korea,CAT3003,1.57,4170
178,PROD1178,Nike Shorts,296.66,Nike,USA,CAT3003,4.39,9417
179,PROD1179,Nike Pants,282.9,Nike,Japan,CAT3003,3.8,2136
180,PROD1180,Nike Shorts,985.12,Nike,Germany,CAT3003,1.75,7284
181,PROD1181,Nike Shorts,95.44,Nike,USA,CAT3003,1.1,9257
182,PROD1182,Nike Pants,711.26,Nike,Germany,CAT3003,2.12,5834
183,PROD1183,Nike T-Shirt,819.69,Nike,India,CAT3003,2.06,3749
184,PROD1184,Nike Jacket,675.37,Nike,South Korea,CAT3003,3.26,667
185,PROD1185,Nike T-Shirt,406.72,Nike,USA,CAT3003,4.94,8062
186,PROD1186,Adidas Jacket,486.39,Adidas,China,CAT3003,4.99,9461
187,PROD1187,Adidas Sweater,925.1,Adidas,USA,CAT3003,3.59,2092
188,PROD1188,Adidas Jacket,477.36,Adidas,Germany,CAT3003,1.79,2615
189,PROD1189,Adidas Shorts,213.99,Adidas,India,CAT3003,4.84,2230
190,PROD1190,Adidas T-Shirt,389.19,Adidas,South Korea,CAT3003,3.96,7400
191,PROD1191,Adidas T-Shirt,365.19,Adidas,USA,CAT3003,2.34,6506
192,PROD1192,Adidas Sweater,93.77,Adidas,China,CAT3003,1.91,1312
193,PROD1193,Adidas Jacket,154.8,Adidas,Japan,CAT3003,3.14,9231
194,PROD1194,Adidas T-Shirt,672.02,Adidas,South Korea,CAT3003,2.56,757
195,PROD1195,Adidas T-Shirt,182.07,Adidas,USA,CAT3003,2.1,5625
196,PROD1196,Adidas Sweater,790.07,Adidas,China,CAT3003,1.78,3768
197,PROD1197,Adidas Sweater,360.39,Adidas,USA,CAT3003,4.58,3436
198,PROD1198,Adidas Jacket,85.21,Adidas,Germany,CAT3003,2.6,1130
199,PROD1199,Adidas Shorts,585.42,Adidas,China,CAT3003,1.86,1072
200,PROD1200,Puma Jacket,870.76,Puma,China,CAT3003,3.38,7745
201,PROD1201,Puma Shorts,445.16,Puma,South Korea,CAT3003,2.44,4454
202,PROD1202,Puma Sweater,476.43,Puma,USA,CAT3003,4.92,7405
203,PROD1203,Puma T-Shirt,650.22,Puma,Germany,CAT3003,2.13,5880
204,PROD1204,Puma Sweater,837.76,Puma,Japan,CAT3003,3.54,7482
205,PROD1205,Puma Sweater,51.1,Puma,USA,CAT3003,3.65,7936
206,PROD1206,Puma Pants,597.83,Puma,India,CAT3003,2.02,4236
207,PROD1207,Puma T-Shirt,578.04,Puma,Germany,CAT3003,3.95,233
208,PROD1208,Under Armour Sweater,517.27,Under Armour,India,CAT3003,2.02,4856
209,PROD1209,Under Armour Jacket,736.44,Under Armour,India,CAT3003,1.58,2988
210,PROD1210,Under Armour Jacket,519.11,Under Armour,China,CAT3003,3.78,3092
211,PROD1211,Under Armour Shorts,161.92,Under Armour,Japan,CAT3003,4.32,6002
212,PROD1212,Under Armour Jacket,543.97,Under Armour,USA,CAT3003,2.07,8019
213,PROD1213,Under Armour Jacket,978.54,Under Armour,South Korea,CAT3003,3.01,397
214,PROD1214,Under Armour Shorts,469.85,Under Armour,India,CAT3003,1.67,8013
215,PROD1215,Under Armour Shorts,953.89,Under Armour,Japan,CAT3003,2.1,1042
216,PROD1216,Under Armour Sweater,153.83,Under Armour,India,CAT3003,2.49,8942
217,PROD1217,Under Armour Shorts,764.75,Under Armour,USA,CAT3003,4.24,7941
218,PROD1218,Under Armour Shorts,582.47,Under Armour,Germany,CAT3003,4.86,3386
219,PROD1219,Under Armour Pants,854.04,Under Armour,Germany,CAT3003,3.65,3323
220,PROD1220,Under Armour Jacket,859.75,Under Armour,USA,CAT3003,1.81,3117
221,PROD1221,Under Armour Sweater,784.66,Under Armour,Germany,CAT3003,3.39,5660
222,PROD1222,H&M T-Shirt,698.76,H&M,USA,CAT3003,2.15,8048
223,PROD1223,H&M Sweater,409.48,H&M,South Korea,CAT3003,2.19,9360
224,PROD1224,H&M Pants,234.05,H&M,USA,CAT3003,4.46,3603
225,PROD1225,H&M Sweater,938.22,H&M,China,CAT3003,1.05,4271
226,PROD1226,H&M Sweater,401.8,H&M,Germany,CAT3003,2.7,9414
227,PROD1227,H&M Sweater,586.95,H&M,Germany,CAT3003,1.78,1462
228,PROD1228,H&M Sweater,595.79,H&M,South Korea,CAT3003,3.87,7307
229,PROD1229,H&M Sweater,64.46,H&M,South Korea,CAT3003,3.57,3082
230,PROD1230,H&M Jacket,96.07,H&M,South Korea,CAT3003,2.07,8481
231,PROD1231,H&M Jacket,315.88,H&M,South Korea,CAT3003,3.33,3898
232,PROD1232,H&M T-Shirt,758.61,H&M,Germany,CAT3003,2.02,8480
233,PROD1233,H&M T-Shirt,146.2,H&M,China,CAT3003,1.88,839
234,PROD1234,L'Oréal Moisturizer,902.93,L'Oréal,South Korea,CAT3004,3.77,2290
235,PROD1235,L'Oréal Cleanser,161.58,L'Oréal,Japan,CAT3004,1.58,7466
236,PROD1236,L'Oréal Cleanser,986.9,L'Oréal,USA,CAT3004,1.07,9349
237,PROD1237,L'Oréal Toner,807.95,L'Oréal,USA,CAT3004,4.93,1627
238,PROD1238,L'Oréal Cleanser,164.34,L'Oréal,India,CAT3004,4.96,2486
239,PROD1239,L'Oréal Cleanser,317.83,L'Oréal,Japan,CAT3004,1.58,121
240,PROD1240,L'Oréal Toner,456.09,L'Oréal,China,CAT3004,3.93,131
241,PROD1241,L'Oréal Serum,696.93,L'Oréal,Japan,CAT3004,3.64,6468
242,PROD1242,L'Oréal Sunscreen,332.22,L'Oréal,South Korea,CAT3004,3.09,8177
243,PROD1243,L'Oréal Serum,476.43,L'Oréal,Japan,CAT3004,2.3,7651
244,PROD1244,L'Oréal Serum,214.56,L'Oréal,Japan,CAT3004,1.8,1765
245,PROD1245,L'Oréal Moisturizer,393.85,L'Oréal,China,CAT3004,2.22,8789
246,PROD1246,L'Oréal Cleanser,22.09,L'Oréal,South Korea,CAT3004,4.33,1356
247,PROD1247,Neutrogena Serum,399.21,Neutrogena,Japan,CAT3004,1.81,1411
248,PROD1248,Neutrogena Cleanser,672.96,Neutrogena,USA,CAT3004,4.25,181
249,PROD1249,Neutrogena Cleanser,892.17,Neutrogena,Japan,CAT3004,3.21,6627
250,PROD1250,Neutrogena Toner,787.79,Neutrogena,South Korea,CAT3004,3.75,6534
251,PROD1251,Neutrogena Toner,755.25,Neutrogena,USA,CAT3004,5.0,9088
252,PROD1252,Neutrogena Cleanser,999.44,Neutrogena,South Korea,CAT3004,4.93,148
253,PROD1253,Neutrogena Cleanser,71.14,Neutrogena,USA,CAT3004,3.7,1832
254,PROD1254,Neutrogena Cleanser,559.79,Neutrogena,Germany,CAT3004,1.86,9594
255,PROD1255,Neutrogena Cleanser,578.57,Neutrogena,China,CAT3004,1.19,2983
256,PROD1256,Neutrogena Sunscreen,902.48,Neutrogena,South Korea,CAT3004,4.29,273
257,PROD1257,Neutrogena Toner,896.82,Neutrogena,USA,CAT3004,3.06,960
258,PROD1258,Olay Moisturizer,71.71,Olay,Japan,CAT3004,2.14,2334
259,PROD1259,Olay Toner,695.91,Olay,South Korea,CAT3004,1.31,7197
260,PROD1260,Olay Sunscreen,903.69,Olay,USA,CAT3004,3.68,1041
261,PROD1261,Olay Sunscreen,248.49,Olay,USA,CAT3004,4.44,2681
262,PROD1262,Olay Sunscreen,126.48,Olay,Japan,CAT3004,2.18,5504
263,PROD1263,Olay Cleanser,155.82,Olay,Germany,CAT3004,4.52,94
264,PROD1264,Olay Moisturizer,840.95,Olay,Germany,CAT3004,2.17,6864
265,PROD1265,Olay Cleanser,377.21,Olay,China,CAT3004,1.08,3384
266,PROD1266,Clinique Serum,280.75,Clinique,China,CAT3004,3.68,2612
267,PROD1267,Clinique Toner,212.35,Clinique,Japan,CAT3004,1.87,7397
268,PROD1268,Clinique Sunscreen,569.98,Clinique,Japan,CAT3004,4.36,5450
269,PROD1269,Clinique Toner,285.52,Clinique,USA,CAT3004,4.41,1159
270,PROD1270,Clinique Sunscreen,522.28,Clinique,South Korea,CAT3004,2.07,5530
271,PROD1271,Clinique Serum,700.38,Clinique,Japan,CAT3004,3.44,8628
272,PROD1272,Clinique Sunscreen,59.91,Clinique,Japan,CAT3004,4.19,2763
273,PROD1273,Clinique Cleanser,12.84,Clinique,India,CAT3004,1.95,8313
274,PROD1274,Clinique Cleanser,402.69,Clinique,China,CAT3004,4.24,2840
275,PROD1275,Clinique Serum,390.49,Clinique,Germany,CAT3004,2.56,276
276,PROD1276,Clinique Cleanser,133.72,Clinique,India,CAT3004,1.74,5580
277,PROD1277,Clinique Cleanser,287.84,Clinique,Japan,CAT3004,4.6,6917
278,PROD1278,Clinique Toner,562.9,Clinique,South Korea,CAT3004,3.47,3139
279,PROD1279,Clinique Moisturizer,891.16,Clinique,Germany,CAT3004,2.78,2576
280,PROD1280,Clinique Toner,326.05,Clinique,Japan,CAT3004,3.1,3763
281,PROD1281,Nivea Moisturizer,943.06,Nivea,Germany,CAT3004,4.12,4353
282,PROD1282,Nivea Serum,185.6,Nivea,Japan,CAT3004,1.56,9166
283,PROD1283,Nivea Toner,635.42,Nivea,India,CAT3004,4.12,5039
284,PROD1284,Nivea Cleanser,673.91,Nivea,Germany,CAT3004,3.78,9288
285,PROD1285,Nivea Moisturizer,541.31,Nivea,South Korea,CAT3004,2.75,5170
286,PROD1286,Nivea Toner,151.23,Nivea,USA,CAT3004,2.75,2808
287,PROD1287,Nivea Cleanser,545.44,Nivea,Japan,CAT3004,3.46,4669
288,PROD1288,Nivea Cleanser,429.93,Nivea,Japan,CAT3004,3.58,3749
289,PROD1289,Nivea Moisturizer,190.32,Nivea,China,CAT3004,2.95,5204
290,PROD1290,Nivea Toner,62.86,Nivea,China,CAT3004,4.68,4472
291,PROD1291,Nivea Serum,470.75,Nivea,Japan,CAT3004,3.66,9431
292,PROD1292,Nivea Moisturizer,870.25,Nivea,South Korea,CAT3004,4.44,4481
293,PROD1293,Nivea Toner,658.41,Nivea,Germany,CAT3004,1.06,6363
294,PROD1294,Nivea Sunscreen,901.53,Nivea,USA,CAT3004,1.05,450
295,PROD1295,Nike Sneakers,926.6,Nike,Japan,CAT3005,2.62,9548
296,PROD1296,Nike Sneakers,348.86,Nike,South Korea,CAT3005,1.33,3050
297,PROD1297,Nike Running Shoes,99.75,Nike,Germany,CAT3005,3.44,4221
298,PROD1298,Nike Sneakers,557.96,Nike,South Korea,CAT3005,1.54,588
299,PROD1299,Nike Boots,142.52,Nike,Japan,CAT3005,4.38,1594
300,PROD1300,Nike Sneakers,201.28,Nike,Japan,CAT3005,2.96,3096
301,PROD1301,Nike Slippers,905.92,Nike,USA,CAT3005,4.08,6128
302,PROD1302,Nike Running Shoes,323.7,Nike,India,CAT3005,3.38,6178
303,PROD1303,Nike Slippers,825.14,Nike,Germany,CAT3005,1.56,4620
304,PROD1304,Nike Boots,698.62,Nike,India,CAT3005,4.42,6968
305,PROD1305,Nike Sandals,871.22,Nike,China,CAT3005,3.65,1672
306,PROD1306,Nike Slippers,445.45,Nike,China,CAT3005,2.15,9236
307,PROD1307,Adidas Boots,309.13,Adidas,South Korea,CAT3005,2.9,153
308,PROD1308,Adidas Slippers,314.37,Adidas,Japan,CAT3005,2.93,2140
309,PROD1309,Adidas Slippers,741.16,Adidas,China,CAT3005,2.61,6997
310,PROD1310,Adidas Sneakers,556.9,Adidas,Japan,CAT3005,1.99,7254
311,PROD1311,Adidas Slippers,797.65,Adidas,USA,CAT3005,3.1,4173
312,PROD1312,Adidas Running Shoes,14.58,Adidas,Japan,CAT3005,3.42,6032
313,PROD1313,Adidas Sneakers,240.43,Adidas,China,CAT3005,4.73,6192
314,PROD1314,Adidas Slippers,288.91,Adidas,China,CAT3005,3.12,8816
315,PROD1315,Adidas Running Shoes,100.59,Adidas,Japan,CAT3005,1.75,2426
316,PROD1316,Adidas Slippers,457.5,Adidas,Japan,CAT3005,4.52,6147
317,PROD1317,Adidas Sneakers,410.03,Adidas,China,CAT3005,3.1,3577
318,PROD1318,Adidas Sandals,129.67,Adidas,South Korea,CAT3005,4.45,1241
319,PROD1319,Reebok Sandals,655.73,Reebok,China,CAT3005,4.67,7217
320,PROD1320,Reebok Running Shoes,753.55,Reebok,Japan,CAT3005,4.32,5466
321,PROD1321,Reebok Sneakers,813.14,Reebok,India,CAT3005,4.05,6560
322,PROD1322,Reebok Running Shoes,932.18,Reebok,China,CAT3005,2.35,1648
323,PROD1323,Reebok Running Shoes,544.1,Reebok,South Korea,CAT3005,4.47,130
324,PROD1324,Reebok Running Shoes,683.83,Reebok,China,CAT3005,4.83,7666
325,PROD1325,Reebok Running Shoes,305.86,Reebok,Germany,CAT3005,4.43,8887
326,PROD1326,Reebok Slippers,990.03,Reebok,India,CAT3005,2.35,5341
327,PROD1327,Reebok Slippers,136.52,Reebok,South Korea,CAT3005,4.16,4279
328,PROD1328,Reebok Slippers,714.54,Reebok,China,CAT3005,1.41,7961
329,PROD1329,Puma Slippers,438.11,Puma,China,CAT3005,4.76,6287
330,PROD1330,Puma Slippers,472.26,Puma,Japan,CAT3005,2.21,3595
331,PROD1331,Puma Sandals,724.57,Puma,USA,CAT3005,2.22,2060
332,PROD1332,Puma Sandals,125.2,Puma,Germany,CAT3005,3.34,6076
333,PROD1333,Puma Sneakers,722.98,Puma,USA,CAT3005,2.81,3422
334,PROD1334,Puma Slippers,490.57,Puma,Germany,CAT3005,3.53,5484
335,PROD1335,Puma Sneakers,774.95,Puma,China,CAT3005,1.82,2187
336,PROD1336,Puma Slippers,647.79,Puma,India,CAT3005,3.18,1246
337,PROD1337,Puma Slippers,62.89,Puma,India,CAT3005,2.82,1487
338,PROD1338,Puma Slippers,138.94,Puma,Japan,CAT3005,4.52,7199
339,PROD1339,Puma Running Shoes,108.32,Puma,Japan,CAT3005,1.2,8219
340,PROD1340,Skechers Slippers,604.61,Skechers,Germany,CAT3005,4.15,3787
341,PROD1341,Skechers Sneakers,268.51,Skechers,Japan,CAT3005,1.58,1022
342,PROD1342,Skechers Slippers,755.49,Skechers,China,CAT3005,1.37,358
343,PROD1343,Skechers Sandals,383.91,Skechers,China,CAT3005,4.91,5290
344,PROD1344,Skechers Slippers,958.52,Skechers,China,CAT3005,1.98,1925
345,PROD1345,Skechers Running Shoes,226.75,Skechers,China,CAT3005,4.69,2463
346,PROD1346,Skechers Sandals,822.4,Skechers,China,CAT3005,2.04,3343
347,PROD1347,Skechers Sandals,71.53,Skechers,China,CAT3005,4.82,5439
348,PROD1348,Skechers Boots,259.27,Skechers,USA,CAT3005,2.57,8112
349,PROD1349,Skechers Slippers,380.86,Skechers,Germany,CAT3005,2.54,1333
350,PROD1350,Skechers Slippers,444.63,Skechers,USA,CAT3005,2.03,2192
351,PROD1351,Skechers Slippers,69.87,Skechers,South Korea,CAT3005,1.35,4064
352,PROD1352,Skechers Sneakers,104.73,Skechers,USA,CAT3005,2.75,332
353,PROD1353,Dell Laptop,402.36,Dell,USA,CAT3006,4.68,5539
354,PROD1354,Dell Desktop,51.24,Dell,India,CAT3006,2.2,5962
355,PROD1355,Dell Laptop,139.71,Dell,Japan,CAT3006,4.5,4131
356,PROD1356,Dell Keyboard,463.53,Dell,USA,CAT3006,2.82,6708
357,PROD1357,Dell Monitor,458.53,Dell,China,CAT3006,3.6,7842
358,PROD1358,Dell Desktop,737.34,Dell,China,CAT3006,1.36,9291
359,PROD1359,Dell Desktop,239.89,Dell,Japan,CAT3006,4.5,8184
360,PROD1360,Dell Desktop,657.88,Dell,South Korea,CAT3006,4.44,9198
361,PROD1361,Dell Mouse,471.07,Dell,China,CAT3006,4.59,3876
362,PROD1362,Dell Desktop,202.69,Dell,China,CAT3006,4.15,178
363,PROD1363,Dell Keyboard,892.97,Dell,India,CAT3006,2.19,8455
364,PROD1364,HP Desktop,693.14,HP,China,CAT3006,4.45,7887
365,PROD1365,HP Desktop,775.84,HP,South Korea,CAT3006,2.79,9507
366,PROD1366,HP Monitor,947.94,HP,USA,CAT3006,4.34,7344
367,PROD1367,HP Keyboard,702.55,HP,USA,CAT3006,4.83,9690
368,PROD1368,HP Monitor,167.39,HP,Germany,CAT3006,1.85,10
369,PROD1369,HP Desktop,656.36,HP,USA,CAT3006,2.0,9712
370,PROD1370,HP Mouse,393.82,HP,Japan,CAT3006,1.01,1227
371,PROD1371,HP Keyboard,508.39,HP,South Korea,CAT3006,2.36,1532
372,PROD1372,HP Laptop,294.72,HP,China,CAT3006,2.3,6973
373,PROD1373,HP Desktop,496.7,HP,India,CAT3006,2.46,5904
374,PROD1374,HP Mouse,598.59,HP,USA,CAT3006,3.66,7631
375,PROD1375,HP Desktop,260.15,HP,South Korea,CAT3006,2.14,3812
376,PROD1376,HP Desktop,452.58,HP,USA,CAT3006,3.17,3318
377,PROD1377,HP Laptop,185.15,HP,Japan,CAT3006,2.86,6176
378,PROD1378,HP Keyboard,417.78,HP,China,CAT3006,1.13,6061
379,PROD1379,Apple Keyboard,853.31,Apple,China,CAT3006,3.45,6133
380,PROD1380,Apple Monitor,955.3,Apple,Germany,CAT3006,2.55,7236
381,PROD1381,Apple Laptop,683.0,Apple,South Korea,CAT3006,3.32,1402
382,PROD1382,Apple Monitor,217.86,Apple,Germany,CAT3006,1.41,3661
383,PROD1383,Apple Keyboard,237.51,Apple,Japan,CAT3006,2.74,9142
384,PROD1384,Apple Monitor,693.18,Apple,India,CAT3006,4.15,8624
385,PROD1385,Apple Keyboard,967.4,Apple,USA,CAT3006,3.74,2111
386,PROD1386,Apple Laptop,938.44,Apple,USA,CAT3006,3.38,6670
387,PROD1387,Apple Desktop,919.39,Apple,India,CAT3006,1.39,1368
388,PROD1388,Apple Monitor,156.57,Apple,Japan,CAT3006,1.1,3084
389,PROD1389,Apple Keyboard,725.76,Apple,Germany,CAT3006,3.54,2256
390,PROD1390,Apple Mouse,627.55,Apple,China,CAT3006,4.79,2623
391,PROD1391,Asus Desktop,646.6,Asus,Japan,CAT3006,1.35,9592
392,PROD1392,Asus Mouse,783.79,Asus,Germany,CAT3006,4.45,7929
393,PROD1393,Asus Mouse,162.05,Asus,Germany,CAT3006,2.61,5276
394,PROD1394,Asus Laptop,528.68,Asus,USA,CAT3006,4.0,8500
395,PROD1395,Asus Keyboard,30.88,Asus,USA,CAT3006,2.3,1975
396,PROD1396,Asus Mouse,651.59,Asus,South Korea,CAT3006,2.21,709
397,PROD1397,Asus Desktop,910.53,Asus,USA,CAT3006,2.23,2591
398,PROD1398,Asus Laptop,164.06,Asus,China,CAT3006,4.1,8937
399,PROD1399,Asus Mouse,82.94,Asus,South Korea,CAT3006,2.61,2400
400,PROD1400,Acer Mouse,741.22,Acer,China,CAT3006,1.83,6706
401,PROD1401,Acer Keyboard,198.93,Acer,Germany,CAT3006,4.12,3349
402,PROD1402,Acer Keyboard,846.08,Acer,South Korea,CAT3006,2.71,2337
403,PROD1403,Acer Monitor,376.83,Acer,Germany,CAT3006,3.91,9809
404,PROD1404,Acer Desktop,658.89,Acer,Japan,CAT3006,2.09,7811
405,PROD1405,Acer Keyboard,274.59,Acer,India,CAT3006,4.72,6784
406,PROD1406,Acer Monitor,563.24,Acer,Japan,CAT3006,1.04,4030
407,PROD1407,Acer Laptop,619.73,Acer,South Korea,CAT3006,2.88,6563
408,PROD1408,Acer Keyboard,91.21,Acer,Germany,CAT3006,1.56,6589
